code,name,market_cap,is_tech,latest_close,latest_ma20,days_above_ma20,max_distance_above_ma20_pct,min_distance_above_ma20_pct,avg_distance_above_ma20_pct,latest_distance_above_ma20_pct,ma20_strength_score,last_breach_date,latest_date
605186,健麾信息,44.68,True,32.85,28.86,22,25.21,8.73,14.0,13.82,0.8673,从未跌破（观测期内）,2026-06-17
603678,火炬电子,331.52,True,69.71,54.38,22,59.18,0.85,27.37,28.2,0.85,从未跌破（观测期内）,2026-06-17
603256,宏和科技,2277.61,True,258.9,198.18,22,34.23,9.56,21.44,30.64,0.85,从未跌破（观测期内）,2026-06-17
002138,顺络电子,503.22,True,66.52,52.39,22,33.76,9.08,20.02,26.97,0.85,从未跌破（观测期内）,2026-06-17
600353,旭光电子,316.52,True,38.19,26.26,22,45.42,5.88,18.53,45.42,0.85,从未跌破（观测期内）,2026-06-17
600183,生益科技,4313.69,True,180.15,140.28,22,40.61,14.39,27.12,28.42,0.85,从未跌破（观测期内）,2026-06-17
002859,洁美科技,367.99,True,90.66,76.71,22,50.51,4.79,22.45,18.18,0.85,从未跌破（观测期内）,2026-06-17
002552,宝鼎科技,265.91,True,72.16,56.59,22,60.52,5.75,36.85,27.51,0.85,从未跌破（观测期内）,2026-06-17
603203,快克智能,202.11,True,62.4,53.75,22,28.5,3.08,13.59,16.08,0.85,从未跌破（观测期内）,2026-06-17
603986,兆易创新,3913.84,True,586.04,495.7,22,40.45,1.1,17.37,18.23,0.85,从未跌破（观测期内）,2026-06-17
002645,华宏科技,232.77,True,34.22,28.46,21,25.96,-1.0,14.07,20.24,0.8341,从未跌破（观测期内）,2026-06-17
002741,光华科技,168.16,True,39.44,29.06,21,35.7,-1.3,13.8,35.7,0.8341,从未跌破（观测期内）,2026-06-17
002436,兴森科技,725.57,True,47.8,38.76,21,23.32,-0.24,10.88,23.32,0.8341,从未跌破（观测期内）,2026-06-17
601208,东材科技,739.45,True,73.2,57.25,21,27.87,-0.69,15.42,27.87,0.8341,从未跌破（观测期内）,2026-06-17
002993,奥海科技,173.11,True,72.6,65.26,21,26.72,-3.92,9.82,11.24,0.8295,从未跌破（观测期内）,2026-06-17
003043,华亚智能,67.9,True,80.99,69.22,20,26.21,-1.42,10.76,17.01,0.8182,从未跌破（观测期内）,2026-06-17
600378,昊华科技,684.3,True,63.8,46.87,20,50.38,-0.81,18.01,36.11,0.8182,从未跌破（观测期内）,2026-06-17
603990,麦迪科技,68.97,True,22.52,20.73,22,26.74,2.5,13.94,8.65,0.8163,从未跌破（观测期内）,2026-06-17
603324,盛剑科技,57.86,True,39.18,32.22,20,21.67,-3.97,9.63,21.58,0.8089,从未跌破（观测期内）,2026-06-17
603002,宏昌电子,263.11,True,23.2,17.55,21,32.17,-7.73,8.76,32.17,0.8032,从未跌破（观测期内）,2026-06-17
002119,康强电子,124.48,True,33.17,26.48,19,31.96,-8.18,10.58,25.28,0.8023,从未跌破（观测期内）,2026-06-17
002409,雅克科技,471.16,True,147.92,120.7,19,27.76,-6.02,11.77,22.56,0.8023,从未跌破（观测期内）,2026-06-17
600458,时代新材,148.34,True,17.08,14.05,20,26.62,-1.28,9.01,21.54,0.7934,从未跌破（观测期内）,2026-06-17
600237,铜峰电子,78.45,True,12.56,10.76,20,23.48,-6.8,8.61,16.71,0.7835,从未跌破（观测期内）,2026-06-17
600522,中天科技,1874.05,True,54.91,46.14,19,24.26,-4.86,9.2,19.02,0.7823,从未跌破（观测期内）,2026-06-17
603005,晶方科技,300.78,True,46.12,42.82,21,32.23,-0.62,13.8,7.69,0.7764,从未跌破（观测期内）,2026-06-17
000021,深科技,675.46,True,42.91,39.08,19,27.11,-6.54,9.05,9.8,0.7736,从未跌破（观测期内）,2026-06-17
002281,光迅科技,1888.81,True,242.0,215.23,17,43.11,-5.2,10.13,12.44,0.7705,从未跌破（观测期内）,2026-06-17
603267,鸿远电子,173.31,True,75.0,69.72,20,27.8,-8.24,11.18,7.58,0.7577,从未跌破（观测期内）,2026-06-17
603386,骏亚科技,59.26,True,18.16,17.04,22,12.64,0.89,6.79,6.59,0.755,从未跌破（观测期内）,2026-06-17
002579,中京电子,107.76,True,18.47,16.83,16,42.07,-6.92,12.41,9.75,0.7483,从未跌破（观测期内）,2026-06-17
002815,崇达技术,156.52,True,20.14,17.34,20,16.12,-2.96,6.48,16.12,0.7475,从未跌破（观测期内）,2026-06-17
603011,合锻智能,177.74,True,35.95,27.91,15,41.12,-9.95,17.37,28.82,0.7386,从未跌破（观测期内）,2026-06-17
000733,振华科技,322.1,True,58.13,52.19,19,20.49,-7.18,6.78,11.38,0.7217,从未跌破（观测期内）,2026-06-17
000100,TCL科技,979.56,True,5.12,4.55,20,12.42,-1.57,4.39,12.42,0.7083,从未跌破（观测期内）,2026-06-17
000920,沃顿科技,71.08,True,15.04,12.61,18,19.23,-6.78,6.42,19.23,0.6969,从未跌破（观测期内）,2026-06-17
600584,长电科技,1463.03,True,81.76,77.07,18,53.6,-7.72,18.04,6.08,0.6885,从未跌破（观测期内）,2026-06-17
002674,兴业科技,47.6,True,16.27,15.39,22,15.11,0.7,6.09,5.71,0.6865,从未跌破（观测期内）,2026-06-17
002185,华天科技,632.97,True,19.05,17.93,17,40.47,-8.33,11.68,6.26,0.6769,从未跌破（观测期内）,2026-06-17
002965,祥鑫科技,80.93,True,42.5,36.69,17,18.0,-7.19,5.86,15.83,0.667,从未跌破（观测期内）,2026-06-17
603859,能科科技,124.23,True,50.77,47.43,18,26.83,-5.32,7.87,7.05,0.6591,从未跌破（观测期内）,2026-06-17
000988,华工科技,1713.6,True,170.51,156.93,16,24.69,-3.44,7.44,8.66,0.6571,从未跌破（观测期内）,2026-06-17
600563,法拉电子,382.61,True,170.05,161.47,17,32.55,-9.81,11.51,5.31,0.6533,从未跌破（观测期内）,2026-06-17
002371,北方华创,5100.34,True,704.22,643.37,15,21.82,-5.98,6.86,9.46,0.6467,从未跌破（观测期内）,2026-06-17
601869,长飞光纤,1871.19,True,460.5,420.4,17,19.84,-5.46,5.43,9.54,0.6447,从未跌破（观测期内）,2026-06-17
000823,超声电子,131.4,True,22.11,17.58,16,25.74,-5.42,5.3,25.74,0.637,从未跌破（观测期内）,2026-06-17
002384,东山精密,3561.74,True,256.92,221.99,17,15.74,-9.9,4.65,15.74,0.6366,从未跌破（观测期内）,2026-06-17
603679,华体科技,34.61,True,19.48,17.71,16,14.61,-4.99,5.17,9.99,0.6335,从未跌破（观测期内）,2026-06-17
002955,鸿合科技,66.21,True,33.84,27.28,13,24.04,-7.15,6.56,24.04,0.6209,从未跌破（观测期内）,2026-06-17
003025,思进智能,37.59,True,16.6,15.36,17,13.85,-5.54,5.24,8.08,0.6034,从未跌破（观测期内）,2026-06-17
603328,依顿电子,150.96,True,15.12,13.13,17,15.18,-7.92,3.16,15.18,0.5995,从未跌破（观测期内）,2026-06-17
002937,兴瑞科技,126.34,True,40.71,35.2,15,16.15,-7.65,3.44,15.66,0.5745,从未跌破（观测期内）,2026-06-17
000700,模塑科技,146.52,True,15.96,15.53,19,21.15,-5.48,8.15,2.74,0.5744,从未跌破（观测期内）,2026-06-17
002957,科瑞技术,240.15,True,57.11,55.69,16,34.39,-7.74,10.28,2.55,0.5683,从未跌破（观测期内）,2026-06-17
001269,欧晶科技,50.7,True,26.35,26.31,22,18.96,0.17,8.52,0.17,0.5673,从未跌破（观测期内）,2026-06-17
600498,烽火通信,975.08,True,76.68,56.95,13,34.65,-12.25,4.19,34.65,0.5615,从未跌破（观测期内）,2026-06-17
002245,蔚蓝锂芯,332.08,True,20.67,20.6,19,33.46,-5.05,12.12,0.32,0.5603,从未跌破（观测期内）,2026-06-17
002080,中材科技,1382.94,True,82.41,67.92,12,21.34,-12.15,4.47,21.34,0.5527,从未跌破（观测期内）,2026-06-17
600228,返利科技,37.11,True,8.92,6.7,12,33.21,-6.45,3.75,33.21,0.5346,从未跌破（观测期内）,2026-06-16
001223,欧克科技,34.8,True,49.83,44.81,15,11.19,-11.13,1.62,11.19,0.5291,从未跌破（观测期内）,2026-06-17
603212,赛伍技术,69.39,True,15.86,15.5,19,9.71,-1.38,4.11,2.33,0.5205,从未跌破（观测期内）,2026-06-17
001301,尚太科技,172.37,True,92.8,90.67,20,13.16,-5.99,5.49,2.35,0.5151,从未跌破（观测期内）,2026-06-17
001339,智微智能,143.7,True,115.39,103.95,12,23.89,-7.61,2.87,11.0,0.5127,从未跌破（观测期内）,2026-06-17
001389,广合科技,313.25,True,205.8,185.72,13,10.81,-5.85,1.86,10.81,0.5099,从未跌破（观测期内）,2026-06-17
603125,常青科技,114.97,True,28.4,25.17,11,25.53,-7.94,3.33,12.83,0.5084,从未跌破（观测期内）,2026-06-17
002428,云南锗业,648.2,True,99.26,88.18,12,16.34,-11.63,2.2,12.56,0.4959,从未跌破（观测期内）,2026-06-17
600345,长江通信,128.06,True,60.53,54.21,13,18.07,-11.61,1.22,11.66,0.4872,从未跌破（观测期内）,2026-06-17
002925,盈趣科技,159.73,True,21.85,21.2,18,8.93,-6.02,2.75,3.09,0.4745,从未跌破（观测期内）,2026-06-17
603488,展鹏科技,38.48,True,13.18,11.82,12,11.5,-7.66,1.02,11.5,0.4683,从未跌破（观测期内）,2026-06-17
603890,春秋电子,112.11,True,24.89,25.2,15,38.08,-7.49,11.37,-1.23,0.4579,从未跌破（观测期内）,2026-06-17
002156,通富微电,1020.03,True,67.22,65.37,14,28.88,-11.6,6.24,2.84,0.4495,从未跌破（观测期内）,2026-06-17
600601,方正科技,598.44,True,14.35,12.78,11,12.28,-6.4,0.97,12.28,0.4492,从未跌破（观测期内）,2026-06-17
002446,盛路通信,99.19,True,11.7,10.41,12,13.75,-9.48,0.27,12.42,0.4476,从未跌破（观测期内）,2026-06-17
600996,贵广网络,120.32,True,9.65,9.13,14,10.75,-4.89,2.72,5.71,0.4436,从未跌破（观测期内）,2026-06-17
603738,泰晶科技,227.67,True,59.0,47.7,9,23.68,-12.16,1.97,23.68,0.4425,从未跌破（观测期内）,2026-06-17
001266,宏英智能,29.55,True,50.82,48.62,12,29.21,-7.86,5.12,4.52,0.432,从未跌破（观测期内）,2026-06-17
003026,中晶科技,52.79,True,36.52,32.27,10,13.19,-9.56,0.76,13.19,0.4282,从未跌破（观测期内）,2026-06-17
603083,剑桥科技,560.24,True,203.29,192.32,14,15.77,-10.64,2.44,5.7,0.4264,从未跌破（观测期内）,2026-06-17
000831,中国稀土,627.08,True,59.09,53.23,10,15.27,-8.66,0.22,11.01,0.4145,从未跌破（观测期内）,2026-06-17
000969,安泰科技,256.69,True,24.45,22.83,11,14.11,-6.94,2.46,7.11,0.4142,从未跌破（观测期内）,2026-06-17
605058,澳弘电子,59.31,True,41.5,38.78,13,9.02,-7.58,1.24,7.03,0.4135,从未跌破（观测期内）,2026-06-17
003018,金富科技,146.94,True,61.9,59.31,13,29.05,-16.32,3.62,4.36,0.4065,从未跌破（观测期内）,2026-06-17
003031,中瓷电子,545.14,True,160.26,147.26,10,24.85,-11.36,1.01,8.83,0.4049,从未跌破（观测期内）,2026-06-17
600360,华微电子,116.96,True,12.18,11.91,15,16.97,-9.42,4.31,2.3,0.4039,从未跌破（观测期内）,2026-06-17
002779,中坚科技,140.01,True,84.44,76.1,9,12.75,-10.45,-0.25,10.95,0.387,从未跌破（观测期内）,2026-06-17
603032,德新科技,59.62,True,25.72,24.06,11,16.77,-8.05,1.03,6.91,0.3735,从未跌破（观测期内）,2026-06-17
002831,裕同科技,220.69,True,30.9,28.86,10,12.96,-7.3,1.45,7.05,0.3716,从未跌破（观测期内）,2026-06-17
603236,移远通信,201.77,True,55.08,55.53,17,7.5,-2.23,2.36,-0.81,0.3696,从未跌破（观测期内）,2026-06-17
002456,欧菲光,319.15,True,9.62,9.29,14,9.97,-5.91,1.86,3.57,0.3685,从未跌破（观测期内）,2026-06-17
601985,中国核电,1756.15,True,9.3,9.04,13,3.01,-3.67,0.28,2.89,0.3665,从未跌破（观测期内）,2026-06-17
605588,冠石科技,46.09,True,63.05,57.45,10,14.38,-15.38,-1.51,9.75,0.3651,从未跌破（观测期内）,2026-06-17
000727,冠捷科技,133.62,True,2.95,2.87,17,6.8,-11.34,0.87,2.72,0.3617,从未跌破（观测期内）,2026-06-17
601138,工业富联,14414.75,True,72.64,72.69,16,16.06,-3.31,4.35,-0.07,0.3616,从未跌破（观测期内）,2026-06-17
001229,魅视科技,20.23,True,27.43,26.45,14,7.75,-8.04,1.25,3.72,0.3616,从未跌破（观测期内）,2026-06-17
600545,卓郎智能,117.82,True,6.59,6.68,14,27.16,-17.77,6.71,-1.32,0.3576,从未跌破（观测期内）,2026-06-17
002635,安洁科技,72.66,True,18.37,17.43,12,11.44,-8.94,1.17,5.37,0.3546,从未跌破（观测期内）,2026-06-17
001259,利仁科技,32.78,True,68.95,72.38,14,88.89,-11.57,22.71,-4.73,0.3544,从未跌破（观测期内）,2026-06-17
603228,景旺电子,788.05,True,80.76,77.35,12,17.28,-9.9,1.98,4.4,0.3506,从未跌破（观测期内）,2026-06-17
603181,皇马科技,92.54,True,15.72,14.36,8,14.47,-8.54,-0.63,9.47,0.3481,从未跌破（观测期内）,2026-06-17
002654,万润科技,144.2,True,17.06,16.07,11,22.97,-13.75,0.57,6.17,0.3434,从未跌破（观测期内）,2026-06-17
603039,泛微网络,126.69,True,41.18,41.19,14,20.18,-5.82,4.21,-0.01,0.3277,从未跌破（观测期内）,2026-06-17
001314,亿道信息,71.55,True,57.52,56.1,14,14.67,-8.84,1.66,2.53,0.3274,从未跌破（观测期内）,2026-06-17
001335,信凯科技,12.36,True,48.38,47.69,14,8.26,-5.18,0.9,1.45,0.3269,从未跌破（观测期内）,2026-06-17
603610,麒盛科技,65.3,True,18.5,17.94,12,13.09,-6.57,1.77,3.12,0.3131,从未跌破（观测期内）,2026-06-17
002426,胜利精密,139.17,True,4.09,3.66,6,12.64,-10.62,-1.29,11.72,0.3131,从未跌破（观测期内）,2026-06-17
002008,大族激光,1299.62,True,135.84,130.79,11,22.36,-11.31,1.66,3.86,0.3131,从未跌破（观测期内）,2026-06-17
603690,至纯科技,110.79,True,28.93,27.5,10,16.13,-11.36,0.88,5.18,0.3106,从未跌破（观测期内）,2026-06-17
603135,中重科技,80.2,True,12.74,12.22,9,31.46,-13.08,2.13,4.25,0.3025,从未跌破（观测期内）,2026-06-17
002983,芯瑞达,33.37,True,26.04,24.93,10,11.49,-9.06,1.23,4.47,0.3014,从未跌破（观测期内）,2026-06-17
603031,安孚科技,166.16,True,52.85,55.73,15,27.41,-9.51,7.58,-5.17,0.299,从未跌破（观测期内）,2026-06-17
002297,博云新材,147.75,True,25.78,22.68,9,19.48,-20.05,-3.85,13.65,0.2969,从未跌破（观测期内）,2026-06-17
002174,游族网络,113.79,True,11.62,11.25,10,15.63,-12.75,1.37,3.29,0.2756,从未跌破（观测期内）,2026-06-17
603516,淳中科技,275.69,True,135.53,120.51,7,12.47,-11.99,-3.63,12.47,0.2705,从未跌破（观测期内）,2026-06-17
001308,康冠科技,100.37,True,20.6,21.04,15,9.05,-5.36,1.88,-2.1,0.2639,从未跌破（观测期内）,2026-06-17
001256,炜冈科技,27.38,True,25.61,24.03,9,7.52,-10.01,-1.78,6.58,0.263,从未跌破（观测期内）,2026-06-17
002587,奥拓电子,36.81,True,6.91,6.89,12,3.06,-4.67,-0.5,0.25,0.2594,从未跌破（观测期内）,2026-06-17
603004,鼎龙科技,12.54,True,21.3,19.84,8,7.65,-9.43,-2.09,7.36,0.2589,从未跌破（观测期内）,2026-06-17
002617,露笑科技,171.43,True,9.13,9.02,11,19.35,-12.69,2.04,1.26,0.2574,从未跌破（观测期内）,2026-06-17
001268,联合精密,28.15,True,41.74,41.05,12,9.06,-8.48,0.83,1.68,0.2537,从未跌破（观测期内）,2026-06-17
002979,雷赛智能,124.1,True,55.96,55.03,9,37.58,-10.98,2.67,1.7,0.2523,从未跌破（观测期内）,2026-06-17
603327,福蓉科技,112.91,True,10.8,10.34,8,4.49,-6.04,-1.51,4.49,0.2515,从未跌破（观测期内）,2026-06-17
002935,天奥电子,91.67,True,22.15,20.24,5,10.28,-11.44,-2.63,9.46,0.2504,从未跌破（观测期内）,2026-06-17
002222,福晶科技,489.08,True,104.47,97.68,9,10.65,-16.03,-2.73,6.95,0.2486,从未跌破（观测期内）,2026-06-17
000070,特发信息,177.0,True,20.66,18.33,5,12.73,-11.05,-3.26,12.73,0.2481,从未跌破（观测期内）,2026-06-17
605258,协和电子,32.77,True,37.24,35.55,9,4.76,-10.06,-1.91,4.76,0.2457,从未跌破（观测期内）,2026-06-17
603459,红板科技,70.6,True,89.31,95.11,14,35.46,-20.88,6.86,-6.1,0.2417,从未跌破（观测期内）,2026-06-17
000063,中兴通讯,1516.0,True,37.64,36.91,10,6.04,-6.55,-0.26,1.98,0.2408,从未跌破（观测期内）,2026-06-17
603358,华达科技,165.41,True,35.82,37.88,17,10.56,-5.44,3.51,-5.44,0.2387,从未跌破（观测期内）,2026-06-17
603015,弘讯科技,49.6,True,12.27,12.27,14,9.48,-12.22,0.58,0.0,0.2373,从未跌破（观测期内）,2026-06-17
603206,嘉环科技,55.3,True,18.12,17.75,11,20.51,-16.12,0.37,2.07,0.236,从未跌破（观测期内）,2026-06-17
002823,凯中精密,37.54,True,17.15,18.09,15,19.24,-7.47,4.66,-5.19,0.2254,从未跌破（观测期内）,2026-06-17
603341,龙旗科技,100.87,True,37.89,37.04,9,4.45,-9.19,-1.16,2.28,0.216,从未跌破（观测期内）,2026-06-17
002362,汉王科技,38.43,True,18.51,17.71,9,11.56,-10.12,-1.62,4.51,0.2153,从未跌破（观测期内）,2026-06-17
603992,松霖科技,142.75,True,32.22,30.61,8,10.21,-10.65,-1.76,5.25,0.2145,从未跌破（观测期内）,2026-06-17
002729,好利科技,35.07,True,19.99,18.76,8,10.25,-15.04,-3.17,6.58,0.2127,从未跌破（观测期内）,2026-06-17
002516,旷达科技,88.9,True,6.1,6.08,10,7.41,-4.28,-0.18,0.3,0.2123,从未跌破（观测期内）,2026-06-17
603306,华懋科技,355.72,True,107.96,105.57,11,11.49,-15.44,-0.78,2.27,0.2121,从未跌破（观测期内）,2026-06-17
002049,紫光国微,679.61,True,80.0,77.48,9,8.88,-11.79,-1.04,3.26,0.1986,从未跌破（观测期内）,2026-06-17
603337,杰克科技,195.65,True,41.3,40.44,9,11.06,-6.25,-0.16,2.13,0.1924,从未跌破（观测期内）,2026-06-17
002577,雷柏科技,50.8,True,18.1,18.25,11,12.38,-5.38,1.26,-0.8,0.1921,从未跌破（观测期内）,2026-06-17
603296,华勤技术,634.56,True,79.46,76.74,8,11.39,-10.67,-1.22,3.55,0.1889,从未跌破（观测期内）,2026-06-17
000690,宝新能源,118.29,True,5.44,5.51,11,13.94,-8.83,1.13,-1.31,0.1705,从未跌破（观测期内）,2026-06-17
605218,伟时电子,38.78,True,18.22,17.59,8,16.83,-12.78,-2.03,3.58,0.166,从未跌破（观测期内）,2026-06-17
603175,超颖电子,46.82,True,102.97,88.27,2,16.65,-13.68,-4.73,16.65,0.1635,从未跌破（观测期内）,2026-06-17
000777,中核科技,83.81,True,21.86,17.81,3,22.76,-10.43,-5.48,22.76,0.1606,从未跌破（观测期内）,2026-06-17
002849,威星智能,38.82,True,17.74,16.82,5,8.09,-9.22,-2.53,5.45,0.1525,从未跌破（观测期内）,2026-06-17
600203,福日电子,74.89,True,12.63,12.52,10,10.18,-11.51,-1.37,0.86,0.1464,从未跌破（观测期内）,2026-06-17
600520,三佳科技,48.86,True,30.84,30.45,8,19.8,-12.01,-0.61,1.3,0.1443,从未跌破（观测期内）,2026-06-17
002637,赞宇科技,55.24,True,11.88,11.75,10,8.71,-14.24,-1.98,1.07,0.1364,从未跌破（观测期内）,2026-06-17
603499,翔港科技,61.76,True,20.41,18.97,6,7.59,-16.47,-6.04,7.59,0.1341,从未跌破（观测期内）,2026-06-17
600332,白云山,296.78,True,21.11,21.07,4,0.94,-4.15,-2.19,0.18,0.1153,从未跌破（观测期内）,2026-06-17
002415,海康威视,2927.42,True,32.36,31.04,2,4.24,-8.35,-3.62,4.24,0.1073,从未跌破（观测期内）,2026-06-17
600582,天地科技,207.34,True,5.01,5.18,7,2.29,-3.94,-1.06,-3.32,0.0934,从未跌破（观测期内）,2026-06-17
000903,ST云动,37.83,True,1.97,1.88,6,8.89,-16.75,-4.94,4.84,0.093,从未跌破（观测期内）,2026-06-17
603082,北自科技,15.13,True,37.3,36.89,7,36.55,-17.37,-1.9,1.11,0.0917,从未跌破（观测期内）,2026-06-17
603861,白云电器,83.99,True,15.89,16.43,11,10.38,-11.02,-0.1,-3.27,0.0906,从未跌破（观测期内）,2026-06-17
002132,恒星科技,72.48,True,5.18,5.31,10,7.95,-10.11,-0.41,-2.42,0.0883,从未跌破（观测期内）,2026-06-17
603629,利通电子,425.83,True,165.03,185.97,13,34.2,-26.14,6.49,-11.26,0.0875,从未跌破（观测期内）,2026-06-17
002888,惠威科技,15.25,True,20.35,19.82,5,23.86,-13.54,-2.44,2.69,0.0859,从未跌破（观测期内）,2026-06-17
002421,达实智能,76.73,True,3.83,4.67,18,45.96,-18.07,20.66,-18.07,0.0847,从未跌破（观测期内）,2026-06-17
600936,北投科技,82.72,True,4.95,5.52,14,26.67,-13.64,4.86,-10.41,0.0839,从未跌破（观测期内）,2026-06-17
600111,北方稀土,1819.1,True,50.32,49.39,4,5.1,-8.63,-3.05,1.89,0.0801,从未跌破（观测期内）,2026-06-17
002881,美格智能,75.7,True,41.6,44.49,11,16.7,-10.36,2.61,-6.5,0.0778,从未跌破（观测期内）,2026-06-17
002036,联创电子,91.83,True,8.7,9.12,10,22.37,-14.12,1.14,-4.61,0.0726,从未跌破（观测期内）,2026-06-17
600004,白云机场,193.12,True,8.16,8.18,2,1.71,-4.31,-2.2,-0.27,0.0719,从未跌破（观测期内）,2026-06-17
000538,云南白药,867.14,True,48.91,49.56,4,1.68,-5.33,-2.14,-1.32,0.0666,从未跌破（观测期内）,2026-06-17
002990,盛视科技,74.31,True,53.84,50.51,7,10.64,-21.7,-8.52,6.59,0.063,从未跌破（观测期内）,2026-06-17
002970,锐明技术,86.35,True,68.32,65.78,5,3.87,-12.1,-4.74,3.87,0.0576,从未跌破（观测期内）,2026-06-17
603602,纵横通信,29.78,True,12.89,13.31,7,4.91,-5.8,-1.35,-3.12,0.0562,从未跌破（观测期内）,2026-06-17
002326,永太科技,180.95,True,22.39,22.1,5,3.51,-10.34,-3.43,1.3,0.0556,从未跌破（观测期内）,2026-06-17
603893,瑞芯微,740.6,True,175.95,177.91,8,8.96,-11.56,-1.79,-1.1,0.0551,从未跌破（观测期内）,2026-06-17
002992,宝明科技,73.04,True,46.75,43.87,3,10.7,-13.26,-6.33,6.56,0.0535,从未跌破（观测期内）,2026-06-17
600143,金发科技,437.38,True,16.6,16.94,8,6.34,-9.87,-1.94,-2.02,0.0502,从未跌破（观测期内）,2026-06-17
600166,福田汽车,254.94,True,3.22,3.06,4,5.35,-12.37,-6.16,5.35,0.0434,从未跌破（观测期内）,2026-06-17
603042,华脉科技,32.78,True,20.41,19.84,5,5.35,-10.45,-4.32,2.86,0.043,从未跌破（观测期内）,2026-06-17
002605,姚记科技,62.2,True,18.39,18.53,3,1.67,-6.94,-2.66,-0.73,0.0393,从未跌破（观测期内）,2026-06-17
001211,双枪科技,30.33,True,32.49,33.95,9,39.18,-15.21,0.14,-4.31,0.0391,从未跌破（观测期内）,2026-06-17
000550,江铃汽车,90.37,True,17.43,17.12,4,6.28,-9.72,-3.92,1.81,0.0351,从未跌破（观测期内）,2026-06-17
002951,金时科技,64.86,True,16.17,18.15,12,38.95,-13.6,4.66,-10.93,0.0343,从未跌破（观测期内）,2026-06-17
603052,可川科技,172.56,True,91.84,91.67,6,11.92,-11.71,-2.7,0.19,0.0327,从未跌破（观测期内）,2026-06-17
000878,云南铜业,359.25,True,17.93,17.58,5,3.81,-12.19,-4.58,1.99,0.0271,从未跌破（观测期内）,2026-06-17
000682,东方电子,172.94,True,12.9,13.26,9,9.0,-12.25,-1.98,-2.68,0.0268,从未跌破（观测期内）,2026-06-17
603130,云中马,60.91,True,44.29,44.54,5,0.92,-11.44,-3.27,-0.55,0.0198,从未跌破（观测期内）,2026-06-17
002059,云南旅游,43.06,True,4.38,4.52,6,5.76,-6.92,-2.15,-3.0,0.0156,从未跌破（观测期内）,2026-06-17
002475,立讯精密,4898.17,True,67.32,70.0,9,4.31,-9.73,-2.25,-3.83,0.0112,从未跌破（观测期内）,2026-06-17
603685,晨丰科技,64.07,True,31.8,32.63,5,8.03,-8.74,-1.34,-2.56,0.0093,从未跌破（观测期内）,2026-06-17
600792,云煤能源,43.62,True,3.93,4.12,9,10.76,-8.92,-0.75,-4.63,0.0086,从未跌破（观测期内）,2026-06-17
603339,四方科技,39.64,True,12.81,13.01,1,1.67,-6.96,-2.64,-1.57,0.0013,从未跌破（观测期内）,2026-06-17
002197,证通电子,33.16,True,6.21,6.61,1,1.48,-16.02,-10.0,-6.11,0.0,从未跌破（观测期内）,2026-06-17
603089,正裕工业,22.28,True,9.28,10.23,0,-1.87,-10.17,-6.68,-9.28,0.0,从未跌破（观测期内）,2026-06-17
603258,电魂网络,30.24,True,12.53,13.84,0,-4.89,-13.68,-8.79,-9.45,0.0,从未跌破（观测期内）,2026-06-17
000049,德赛电池,93.75,True,24.38,24.85,0,-1.88,-11.83,-6.36,-1.88,0.0,从未跌破（观测期内）,2026-06-17
603657,春光科技,33.12,True,24.5,26.48,5,11.01,-18.24,-8.06,-7.46,0.0,从未跌破（观测期内）,2026-06-17
603248,锡华科技,16.34,True,23.58,25.85,5,14.91,-15.83,-6.08,-8.79,0.0,从未跌破（观测期内）,2026-06-17
600844,金煤科技,21.88,True,2.66,2.96,0,-3.57,-11.97,-8.65,-10.24,0.0,从未跌破（观测期内）,2026-06-17
002625,光启技术,816.8,True,37.91,38.41,4,4.44,-11.34,-3.09,-1.3,0.0,从未跌破（观测期内）,2026-06-17
605298,必得科技,100.28,True,53.84,54.74,4,8.01,-7.69,-2.69,-1.64,0.0,从未跌破（观测期内）,2026-06-17
603897,长城科技,76.79,True,37.2,44.07,4,6.5,-23.89,-10.57,-15.58,0.0,从未跌破（观测期内）,2026-06-17
603528,多伦科技,46.94,True,6.65,7.09,1,1.72,-13.46,-6.74,-6.16,0.0,从未跌破（观测期内）,2026-06-17
002594,比亚迪,3049.74,True,87.47,93.07,0,-0.03,-6.46,-3.48,-6.02,0.0,从未跌破（观测期内）,2026-06-17
603881,数据港,228.16,True,31.76,35.17,2,7.78,-15.99,-7.01,-9.71,0.0,从未跌破（观测期内）,2026-06-17
002564,天沃科技,41.66,True,4.85,5.12,0,-3.05,-13.72,-9.29,-5.32,0.0,从未跌破（观测期内）,2026-06-17
000807,云铝股份,866.98,True,25.0,28.1,2,0.87,-11.02,-5.78,-11.02,0.0,从未跌破（观测期内）,2026-06-17
605228,神通科技,62.5,True,13.1,13.15,4,1.52,-10.37,-4.81,-0.42,0.0,从未跌破（观测期内）,2026-06-17
603703,盛洋科技,50.71,True,12.22,12.67,4,3.93,-14.05,-6.0,-3.53,0.0,从未跌破（观测期内）,2026-06-17
605178,时空科技,62.62,True,63.2,64.41,0,-0.78,-13.83,-4.71,-1.87,0.0,从未跌破（观测期内）,2026-06-17
603217,元利科技,49.77,True,23.92,25.82,1,1.98,-16.99,-8.52,-7.37,0.0,从未跌破（观测期内）,2026-06-17
603933,睿能科技,49.08,True,23.65,23.83,6,5.04,-11.08,-3.62,-0.77,0.0,从未跌破（观测期内）,2026-06-17
600741,华域汽车,512.0,True,16.24,16.79,1,0.82,-8.75,-4.3,-3.29,0.0,从未跌破（观测期内）,2026-06-17
000409,云鼎科技,52.61,True,8.91,9.52,3,4.5,-9.18,-3.65,-6.45,0.0,从未跌破（观测期内）,2026-06-17
603529,爱玛科技,173.07,True,20.42,20.97,5,3.4,-11.35,-3.32,-2.64,0.0,从未跌破（观测期内）,2026-06-17
002920,德赛西威,526.22,True,88.2,98.25,6,6.28,-15.36,-5.0,-10.23,0.0,从未跌破（观测期内）,2026-06-17
600725,云维股份,43.26,True,3.51,3.88,2,0.38,-9.64,-3.24,-9.64,0.0,从未跌破（观测期内）,2026-06-17
002879,长缆科技,19.84,True,14.47,15.5,0,-4.57,-11.96,-9.22,-6.67,0.0,从未跌破（观测期内）,2026-06-17
002052,同洲电子,61.56,True,8.93,9.65,2,5.51,-14.01,-7.31,-7.5,0.0,从未跌破（观测期内）,2026-06-17
002869,金溢科技,29.44,True,18.69,18.63,3,2.33,-10.3,-4.39,0.31,0.0,从未跌破（观测期内）,2026-06-17
600691,潞化科技,58.68,True,2.47,2.68,0,-3.05,-11.74,-7.14,-7.97,0.0,从未跌破（观测期内）,2026-06-17
002855,捷荣技术,26.79,True,10.88,11.47,3,2.01,-10.92,-4.6,-5.11,0.0,从未跌破（观测期内）,2026-06-17
001231,农心科技,10.05,True,19.66,21.51,0,-0.63,-11.76,-7.78,-8.61,0.0,从未跌破（观测期内）,2026-06-17
002796,世嘉科技,97.07,True,42.63,45.89,0,-0.89,-17.06,-9.37,-7.1,0.0,从未跌破（观测期内）,2026-06-17
600658,电子城,47.09,True,4.21,4.6,1,1.8,-10.65,-6.7,-8.38,0.0,从未跌破（观测期内）,2026-06-17
002765,蓝黛科技,48.32,True,8.11,8.27,0,-1.91,-12.35,-8.04,-1.91,0.0,从未跌破（观测期内）,2026-06-17
002031,巨轮智能,109.27,True,5.71,6.44,6,26.2,-16.91,-4.62,-11.37,0.0,从未跌破（观测期内）,2026-06-17
002715,登云股份,19.1,True,13.84,15.5,3,3.28,-10.72,-5.82,-10.72,0.0,从未跌破（观测期内）,2026-06-17
601633,长城汽车,1046.23,True,16.82,17.15,4,2.68,-10.36,-5.81,-1.95,0.0,从未跌破（观测期内）,2026-06-17
002649,博彦科技,47.2,True,8.8,9.48,0,-2.51,-11.54,-6.98,-7.2,0.0,从未跌破（观测期内）,2026-06-17
000790,华神科技,23.04,True,3.7,3.88,3,4.79,-10.91,-5.94,-4.68,0.0,从未跌破（观测期内）,2026-06-17
002366,融发核电,113.06,True,6.11,6.51,1,1.46,-14.06,-7.7,-6.17,0.0,从未跌破（观测期内）,2026-06-17
601279,英利汽车,52.17,True,3.29,3.53,0,-1.76,-6.9,-5.11,-6.83,0.0,从未跌破（观测期内）,2026-06-17
002558,巨人网络,457.84,True,24.09,25.4,0,-5.11,-13.82,-9.95,-5.17,0.0,从未跌破（观测期内）,2026-06-17
002006,精工科技,77.14,True,14.84,16.46,6,5.48,-14.01,-6.03,-9.83,0.0,从未跌破（观测期内）,2026-06-17
002544,普天科技,135.62,True,19.93,21.19,0,-2.92,-16.62,-10.95,-5.94,0.0,从未跌破（观测期内）,2026-06-17
601016,节能风电,240.93,True,3.99,4.5,7,8.85,-16.41,-5.27,-11.36,0.0,从未跌破（观测期内）,2026-06-17
002539,云图控股,105.89,True,11.9,12.17,1,0.5,-11.69,-7.8,-2.23,0.0,从未跌破（观测期内）,2026-06-17
000980,众泰汽车,113.96,True,2.26,2.53,9,12.54,-15.58,-1.97,-10.55,0.0,从未跌破（观测期内）,2026-06-17
002517,恺英网络,275.43,True,14.58,15.34,0,-1.87,-10.76,-7.32,-4.96,0.0,从未跌破（观测期内）,2026-06-17
001396,誉帆科技,8.95,True,40.29,42.85,2,3.78,-13.28,-7.59,-5.98,0.0,从未跌破（观测期内）,2026-06-17
002474,榕基软件,35.43,True,6.7,7.12,4,10.71,-14.6,-4.64,-5.96,0.0,从未跌破（观测期内）,2026-06-17
000715,中兴商业,22.96,True,4.72,5.01,0,-2.41,-11.02,-6.57,-5.84,0.0,从未跌破（观测期内）,2026-06-17
002459,晶澳科技,280.0,True,8.47,8.96,0,-2.37,-16.37,-8.91,-5.49,0.0,从未跌破（观测期内）,2026-06-17
600980,北矿科技,40.12,True,21.06,21.24,1,0.91,-9.56,-4.38,-0.83,0.0,从未跌破（观测期内）,2026-06-17
600960,渤海汽车,38.21,True,4.02,4.37,0,-3.23,-10.51,-6.56,-8.04,0.0,从未跌破（观测期内）,2026-06-17
603917,合力科技,23.91,True,11.58,12.06,3,7.2,-6.82,-2.13,-3.95,0.0,从未跌破（观测期内）,2026-06-17
600883,博闻科技,18.08,True,7.66,8.31,5,5.76,-9.23,-4.55,-7.86,0.0,从未跌破（观测期内）,2026-06-17
001380,华纬科技,38.26,True,16.34,17.47,5,3.43,-11.19,-5.29,-6.45,0.0,从未跌破（观测期内）,2026-06-17
600081,东风科技,56.3,True,10.18,10.81,5,7.21,-10.9,-5.21,-5.85,0.0,从未跌破（观测期内）,2026-06-17
000973,佛塑科技,112.18,True,15.83,14.8,4,7.94,-18.93,-10.54,6.92,0.0,从未跌破（观测期内）,2026-06-17
600052,东望时代,33.26,True,3.94,4.1,5,6.99,-13.11,-4.91,-3.82,0.0,从未跌破（观测期内）,2026-06-17
600877,电科芯片,168.14,True,14.2,14.45,0,-1.75,-14.75,-8.31,-1.75,0.0,从未跌破（观测期内）,2026-06-17
003028,振邦智能,17.53,True,24.85,26.79,6,10.3,-11.08,-3.81,-7.24,0.0,从未跌破（观测期内）,2026-06-17
000710,贝瑞基因,25.84,True,7.84,8.57,1,2.26,-14.53,-9.48,-8.53,0.0,从未跌破（观测期内）,2026-06-17
003007,直真科技,29.25,True,40.29,42.82,5,12.02,-16.66,-8.06,-5.91,0.0,从未跌破（观测期内）,2026-06-17
600846,同济科技,61.16,True,9.79,11.14,2,0.74,-13.8,-7.24,-12.15,0.0,从未跌破（观测期内）,2026-06-17
002976,瑞玛精密,26.85,True,28.67,32.65,10,13.05,-17.89,-1.22,-12.18,0.0,从未跌破（观测期内）,2026-06-17
603376,大明电子,8.62,True,26.93,28.54,4,3.71,-12.85,-5.4,-5.63,0.0,从未跌破（观测期内）,2026-06-17
002442,龙星科技,24.53,True,4.98,6.0,7,28.44,-18.41,-4.67,-16.99,0.0,从未跌破（观测期内）,2026-06-17
603007,顺景科技,39.48,True,5.68,6.0,2,19.84,-18.87,-9.25,-5.32,0.0,从未跌破（观测期内）,2026-06-17
002373,千方科技,104.97,True,7.62,7.9,0,-3.5,-11.07,-6.85,-3.5,0.0,从未跌破（观测期内）,2026-06-17
603636,南威软件,54.15,True,9.33,9.51,5,25.56,-16.74,-4.84,-1.9,0.0,从未跌破（观测期内）,2026-06-17
002337,赛象科技,28.34,True,4.82,5.21,0,-3.91,-11.0,-7.51,-7.51,0.0,从未跌破（观测期内）,2026-06-17
002140,东华科技,70.99,True,10.04,10.15,0,-0.4,-12.41,-6.42,-1.09,0.0,从未跌破（观测期内）,2026-06-17
002331,皖通科技,32.19,True,7.98,8.64,2,5.21,-10.86,-5.15,-7.69,0.0,从未跌破（观测期内）,2026-06-17
001336,楚环科技,11.79,True,23.91,26.36,5,6.34,-11.91,-6.14,-9.31,0.0,从未跌破（观测期内）,2026-06-17
002313,日海智能,30.77,True,8.22,8.94,3,6.59,-11.82,-5.88,-8.03,0.0,从未跌破（观测期内）,2026-06-17
002121,科陆电子,83.96,True,5.97,7.08,9,16.16,-19.03,-2.73,-15.62,0.0,从未跌破（观测期内）,2026-06-17
002296,辉煌科技,32.93,True,9.48,9.93,1,0.29,-11.11,-7.03,-4.56,0.0,从未跌破（观测期内）,2026-06-17
000938,紫光股份,778.23,True,27.21,27.63,2,3.82,-12.86,-7.06,-1.51,0.0,从未跌破（观测期内）,2026-06-17
002283,天润工业,100.88,True,10.06,10.76,7,6.45,-19.04,-5.65,-6.46,0.0,从未跌破（观测期内）,2026-06-17
002112,三变科技,45.03,True,17.18,17.92,0,-0.01,-12.95,-7.79,-4.11,0.0,从未跌破（观测期内）,2026-06-17
002265,建设工业,199.89,True,19.35,20.52,0,-0.13,-10.6,-6.12,-5.72,0.0,从未跌破（观测期内）,2026-06-17
001311,多利科技,32.08,True,18.11,20.24,0,-1.76,-12.2,-7.07,-10.52,0.0,从未跌破（观测期内）,2026-06-17
002250,联化科技,123.86,True,13.84,14.28,0,-0.71,-11.1,-6.0,-3.09,0.0,从未跌破（观测期内）,2026-06-17
001306,夏厦精密,9.36,True,60.41,64.26,5,5.47,-13.78,-5.46,-5.99,0.0,从未跌破（观测期内）,2026-06-17
600155,华创云信,122.19,True,5.52,5.59,0,-1.07,-8.7,-5.38,-1.17,0.0,从未跌破（观测期内）,2026-06-17
000536,华映科技,106.38,True,3.85,3.99,8,12.81,-13.52,-2.02,-3.45,0.0,从未跌破（观测期内）,2026-06-17
600586,金晶科技,71.29,True,5.03,5.07,0,-0.45,-12.73,-6.36,-0.85,0.0,从未跌破（观测期内）,2026-06-17
002066,瑞泰科技,53.31,True,23.08,23.97,8,13.93,-9.3,-1.37,-3.73,0.0,从未跌破（观测期内）,2026-06-17
600562,国睿科技,271.22,True,21.84,22.86,0,-4.46,-12.06,-8.76,-4.46,0.0,从未跌破（观测期内）,2026-06-17
000925,众合科技,55.57,True,8.28,8.18,3,3.93,-17.33,-7.5,1.2,0.0,从未跌破（观测期内）,2026-06-17
002063,远光软件,93.59,True,5.29,5.76,2,3.12,-13.58,-6.33,-8.1,0.0,从未跌破（观测期内）,2026-06-17
603668,天马科技,54.12,True,10.7,11.33,0,-0.97,-11.1,-7.16,-5.52,0.0,从未跌破（观测期内）,2026-06-17
601778,晶科科技,186.89,True,5.02,5.61,0,-4.33,-19.95,-12.09,-10.49,0.0,从未跌破（观测期内）,2026-06-17
000586,汇源通信,29.62,True,15.49,16.29,2,6.98,-17.31,-7.89,-4.94,0.0,从未跌破（观测期内）,2026-06-17
601777,千里科技,419.56,True,9.28,10.57,6,8.36,-17.92,-5.84,-12.22,0.0,从未跌破（观测期内）,2026-06-17
001270,铖昌科技,261.7,True,127.78,136.78,2,9.59,-14.08,-5.39,-6.58,0.0,从未跌破（观测期内）,2026-06-17
600536,中国软件,245.59,True,29.11,35.35,2,5.01,-20.12,-7.15,-17.65,0.0,从未跌破（观测期内）,2026-06-17
603496,恒为科技,77.91,True,24.31,23.87,3,3.49,-21.28,-12.45,1.85,0.0,从未跌破（观测期内）,2026-06-17
600480,凌云股份,119.38,True,9.84,10.54,7,6.62,-11.79,-2.86,-6.64,0.0,从未跌破（观测期内）,2026-06-17
603197,保隆科技,61.87,True,29.3,30.93,5,2.65,-12.57,-6.01,-5.28,0.0,从未跌破（观测期内）,2026-06-17
600391,航发科技,113.99,True,34.53,35.85,5,8.53,-20.09,-7.46,-3.69,0.0,从未跌破（观测期内）,2026-06-17
603551,奥普科技,35.41,True,9.32,10.12,0,-0.51,-8.0,-5.15,-7.9,0.0,从未跌破（观测期内）,2026-06-17
600363,联创光电,156.05,True,34.61,36.18,0,-3.35,-17.56,-12.21,-4.33,0.0,从未跌破（观测期内）,2026-06-17
603160,汇顶科技,278.32,True,59.74,59.52,5,3.46,-16.08,-5.6,0.37,0.0,从未跌破（观测期内）,2026-06-17
600288,大恒科技,57.57,True,13.18,13.26,0,-0.64,-10.81,-6.22,-0.64,0.0,从未跌破（观测期内）,2026-06-17
603286,日盈电子,65.81,True,56.62,59.96,6,6.61,-17.16,-6.15,-5.57,0.0,从未跌破（观测期内）,2026-06-17
600241,时代万恒,20.87,True,7.09,7.72,0,-6.64,-13.29,-9.81,-8.11,0.0,从未跌破（观测期内）,2026-06-17
603138,海量数据,45.93,True,15.93,17.03,1,0.44,-13.87,-5.95,-6.45,0.0,从未跌破（观测期内）,2026-06-17
600609,金杯汽车,43.05,True,3.3,3.54,0,-1.97,-8.94,-6.41,-6.7,0.0,从未跌破（观测期内）,2026-06-17
603383,顶点软件,58.53,True,28.5,30.71,5,3.21,-12.19,-3.61,-7.2,0.0,从未跌破（观测期内）,2026-06-17
600590,泰豪科技,99.88,True,11.84,13.02,0,-1.54,-15.69,-10.29,-9.03,0.0,从未跌破（观测期内）,2026-06-17
603105,芯能科技,38.05,True,7.61,8.46,0,-4.57,-13.73,-8.73,-10.03,0.0,从未跌破（观测期内）,2026-06-17
002241,歌尔股份,744.31,True,23.68,25.07,10,10.75,-11.01,-1.28,-5.55,0.0,从未跌破（观测期内）,2026-06-17
603273,天元智能,7.98,True,14.23,14.98,0,-2.06,-12.16,-8.19,-5.02,0.0,从未跌破（观测期内）,2026-06-17
002232,启明信息,60.75,True,14.87,15.77,2,0.95,-12.32,-6.56,-5.68,0.0,从未跌破（观测期内）,2026-06-17
603095,越剑智能,43.85,True,16.98,19.14,1,0.25,-15.43,-10.29,-11.29,0.0,从未跌破（观测期内）,2026-06-17
002202,金风科技,739.3,True,21.98,23.01,0,-4.31,-11.82,-7.79,-4.47,0.0,从未跌破（观测期内）,2026-06-17
603062,麦加芯彩,15.35,True,41.4,43.93,0,-0.8,-14.66,-9.41,-5.76,0.0,从未跌破（观测期内）,2026-06-17
002157,正邦科技,235.96,True,3.03,3.13,2,0.51,-7.5,-3.95,-3.07,0.0,从未跌破（观测期内）,2026-06-17
000625,长安汽车,610.95,True,7.39,7.94,0,-2.29,-11.29,-7.61,-6.87,0.0,从未跌破（观测期内）,2026-06-17
603901,永创智能,57.97,True,10.73,11.26,1,2.12,-9.74,-6.12,-4.72,0.0,从未跌破（观测期内）,2026-06-17
603906,龙蟠科技,140.58,True,24.97,25.17,1,1.69,-13.33,-8.42,-0.79,0.0,从未跌破（观测期内）,2026-06-17
600845,宝信软件,378.15,True,17.72,19.87,2,4.45,-14.79,-8.73,-10.81,0.0,从未跌破（观测期内）,2026-06-17
000818,航锦科技,83.66,True,12.71,13.98,2,2.67,-16.19,-9.43,-9.09,0.0,从未跌破（观测期内）,2026-06-17
603607,京华激光,36.95,True,20.7,21.62,4,5.66,-8.45,-3.48,-4.26,0.0,从未跌破（观测期内）,2026-06-17
002609,捷顺科技,34.46,True,7.51,7.78,2,1.24,-8.13,-4.32,-3.43,0.0,从未跌破（观测期内）,2026-06-17
603227,雪峰科技,84.02,True,7.84,8.4,7,5.72,-8.21,-1.8,-6.65,0.0,从未跌破（观测期内）,2026-06-17
002590,万安科技,54.49,True,11.01,11.82,6,6.97,-11.24,-3.37,-6.89,0.0,从未跌破（观测期内）,2026-06-17
603220,中贝通信,105.4,True,24.27,24.4,2,7.55,-21.45,-11.25,-0.54,0.0,从未跌破（观测期内）,2026-06-17
605180,华生科技,24.13,True,14.28,14.06,4,4.52,-12.39,-4.88,1.53,0.0,从未跌破（观测期内）,2026-06-17
000901,航天科技,145.75,True,18.26,19.02,0,-3.65,-14.37,-9.5,-3.98,0.0,从未跌破（观测期内）,2026-06-17
603918,金桥信息,38.26,True,10.48,11.3,0,-1.35,-12.76,-8.57,-7.25,0.0,从未跌破（观测期内）,2026-06-17
603656,泰禾智能,33.3,True,18.2,18.47,3,6.23,-6.65,-2.85,-1.44,0.0,从未跌破（观测期内）,2026-06-17
002908,德生科技,22.34,True,6.94,7.41,0,-2.45,-9.63,-6.38,-6.4,0.0,从未跌破（观测期内）,2026-06-17
600699,均胜电子,336.6,True,24.84,26.89,6,9.18,-15.82,-5.55,-7.63,0.0,从未跌破（观测期内）,2026-06-17
002866,传艺科技,32.94,True,18.18,19.53,0,-4.84,-15.73,-12.47,-6.91,0.0,从未跌破（观测期内）,2026-06-17
002050,三花智控,1643.15,True,44.6,47.84,7,9.64,-12.07,-2.78,-6.77,0.0,从未跌破（观测期内）,2026-06-17
002767,先锋电子,22.44,True,17.23,18.09,0,-0.1,-11.7,-5.85,-4.78,0.0,从未跌破（观测期内）,2026-06-17
601689,拓普集团,1044.61,True,60.11,65.44,11,13.25,-9.36,-0.27,-8.14,0.0,从未跌破（观测期内）,2026-06-17
002681,奋达科技,76.42,True,4.87,5.29,9,8.79,-10.95,-2.18,-7.91,0.0,从未跌破（观测期内）,2026-06-17
001207,联科科技,50.77,True,17.35,18.57,7,9.14,-10.89,-3.04,-6.59,0.0,从未跌破（观测期内）,2026-06-17
002339,积成电子,36.53,True,7.63,8.35,0,-2.82,-13.62,-9.38,-8.67,0.0,从未跌破（观测期内）,2026-06-17
601218,吉鑫科技,46.03,True,4.75,5.13,0,-3.96,-14.45,-10.61,-7.48,0.0,从未跌破（观测期内）,2026-06-17
002540,亚太科技,43.25,True,5.04,5.37,0,-2.67,-7.95,-5.31,-6.17,0.0,从未跌破（观测期内）,2026-06-17
001400,江顺科技,52.73,True,114.06,112.63,2,3.93,-17.95,-9.52,1.27,0.0,从未跌破（观测期内）,2026-06-17
600995,南网储能,430.5,True,13.47,14.37,8,11.26,-10.54,-1.47,-6.28,0.0,从未跌破（观测期内）,2026-06-17
600990,四创电子,51.22,True,19.04,19.23,0,-0.69,-12.04,-7.82,-0.96,0.0,从未跌破（观测期内）,2026-06-17
002453,华软科技,30.55,True,5.07,5.66,6,8.02,-12.06,-3.62,-10.41,0.0,从未跌破（观测期内）,2026-06-17
002153,石基信息,123.82,True,7.74,8.22,0,-4.92,-13.32,-8.9,-5.87,0.0,从未跌破（观测期内）,2026-06-17
600096,云天化,551.09,True,30.23,30.53,2,1.89,-7.74,-4.31,-1.0,0.0,从未跌破（观测期内）,2026-06-17
600879,航天电子,666.46,True,20.2,20.72,1,0.71,-17.53,-7.88,-2.5,0.0,从未跌破（观测期内）,2026-06-17
003033,征和工业,41.58,True,51.5,57.31,14,14.85,-16.16,-0.0,-10.14,0.0,从未跌破（观测期内）,2026-06-17
603382,海阳科技,21.75,True,18.83,21.28,0,-2.49,-13.56,-10.0,-11.52,0.0,从未跌破（观测期内）,2026-06-17
002981,朝阳科技,26.1,True,21.86,26.35,18,11.83,-17.04,1.98,-17.04,0.0,从未跌破（观测期内）,2026-06-17
603009,北特科技,145.08,True,42.87,49.56,8,17.66,-16.1,-2.61,-13.5,0.0,从未跌破（观测期内）,2026-06-17
002420,毅昌科技,22.3,True,5.51,5.96,0,-4.71,-13.22,-9.26,-7.59,0.0,从未跌破（观测期内）,2026-06-17
000948,南天信息,48.8,True,12.54,13.17,0,-0.28,-9.41,-6.38,-4.77,0.0,从未跌破（观测期内）,2026-06-17
002335,科华数据,256.83,True,38.93,39.52,2,2.79,-15.51,-7.17,-1.5,0.0,从未跌破（观测期内）,2026-06-17
002123,梦网科技,55.41,True,7.69,8.35,3,5.23,-15.62,-8.07,-7.9,0.0,从未跌破（观测期内）,2026-06-17
002306,ST云网,16.99,True,2.09,2.15,3,2.74,-8.33,-3.41,-2.84,0.0,从未跌破（观测期内）,2026-06-17
001324,长青科技,25.3,True,18.33,18.7,2,1.11,-10.63,-5.31,-1.96,0.0,从未跌破（观测期内）,2026-06-17
002279,久其软件,51.55,True,6.48,6.94,1,1.3,-11.44,-5.35,-6.66,0.0,从未跌破（观测期内）,2026-06-17
002097,山河智能,87.2,True,8.13,8.54,0,-3.95,-10.59,-7.39,-4.79,0.0,从未跌破（观测期内）,2026-06-17
002093,国脉科技,70.02,True,6.95,7.27,0,-2.48,-10.35,-7.66,-4.39,0.0,从未跌破（观测期内）,2026-06-17
603601,再升科技,180.15,True,15.77,17.14,10,30.55,-23.42,-2.42,-7.97,0.0,从未跌破（观测期内）,2026-06-17
600570,恒生电子,426.07,True,22.5,23.63,1,0.28,-13.89,-6.66,-4.76,0.0,从未跌破（观测期内）,2026-06-17
001283,豪鹏科技,54.64,True,52.84,54.5,8,10.69,-16.03,-3.37,-3.05,0.0,从未跌破（观测期内）,2026-06-17
001278,一彬科技,14.16,True,16.6,18.37,1,1.16,-15.55,-10.36,-9.64,0.0,从未跌破（观测期内）,2026-06-17
000561,烽火电子,60.7,True,7.82,8.18,0,-3.0,-11.96,-7.63,-4.43,0.0,从未跌破（观测期内）,2026-06-17
600551,时代出版,48.82,True,7.2,7.38,2,2.13,-9.3,-4.6,-2.41,0.0,从未跌破（观测期内）,2026-06-17
001379,腾达科技,11.36,True,16.88,18.56,0,-0.15,-12.68,-8.37,-9.04,0.0,从未跌破（观测期内）,2026-06-17
600418,江淮汽车,691.89,True,31.68,36.06,0,-1.28,-21.45,-14.5,-12.13,0.0,从未跌破（观测期内）,2026-06-17
603533,掌阅科技,88.17,True,20.09,23.24,5,4.36,-18.18,-6.79,-13.54,0.0,从未跌破（观测期内）,2026-06-17
600335,国机汽车,77.65,True,5.22,5.44,0,-0.44,-7.7,-4.76,-4.11,0.0,从未跌破（观测期内）,2026-06-17
603151,邦基科技,20.33,True,11.88,13.06,0,-3.38,-13.86,-8.82,-9.04,0.0,从未跌破（观测期内）,2026-06-17
600617,国新能源,53.27,True,3.0,3.36,7,9.57,-11.7,-3.91,-10.69,0.0,从未跌破（观测期内）,2026-06-17
603275,众辰科技,17.39,True,41.86,42.96,2,5.63,-14.52,-7.86,-2.57,0.0,从未跌破（观测期内）,2026-06-17
600589,大位科技,151.4,True,10.24,10.78,5,15.35,-17.22,-6.09,-5.02,0.0,从未跌破（观测期内）,2026-06-17
603101,汇嘉时代,31.7,True,6.74,7.25,0,-5.75,-17.88,-11.14,-7.06,0.0,从未跌破（观测期内）,2026-06-17
002230,科大讯飞,910.53,True,41.59,45.65,5,2.96,-13.56,-4.54,-8.89,0.0,从未跌破（观测期内）,2026-06-17
605378,野马电池,43.33,True,16.58,16.42,1,0.97,-11.13,-7.91,0.97,0.0,从未跌破（观测期内）,2026-06-17
603025,大豪科技,165.49,True,14.92,15.3,5,2.74,-11.96,-4.03,-2.5,0.0,从未跌破（观测期内）,2026-06-17
002642,荣联科技,46.38,True,7.01,7.91,9,11.33,-17.12,-5.32,-11.43,0.0,从未跌破（观测期内）,2026-06-17
000815,美利云,120.14,True,17.28,16.6,2,4.09,-19.47,-11.13,4.09,0.0,从未跌破（观测期内）,2026-06-17
002595,豪迈科技,570.23,True,49.5,51.89,0,-4.61,-10.34,-6.87,-4.61,0.0,从未跌破（观测期内）,2026-06-17
603826,坤彩科技,210.19,True,32.08,31.57,5,4.44,-12.86,-5.08,1.6,0.0,从未跌破（观测期内）,2026-06-17
603982,泉峰汽车,20.85,True,6.14,6.74,1,0.46,-10.17,-6.86,-8.95,0.0,从未跌破（观测期内）,2026-06-17
001258,立新能源,71.68,True,7.68,9.49,13,11.24,-21.11,-2.7,-19.06,0.0,从未跌破（观测期内）,2026-06-17
002877,智能自控,18.5,True,7.69,8.22,2,2.57,-11.41,-5.16,-6.48,0.0,从未跌破（观测期内）,2026-06-17
600686,金龙汽车,90.85,True,12.67,13.33,1,1.77,-11.12,-7.36,-4.92,0.0,从未跌破（观测期内）,2026-06-17
002730,电光科技,102.32,True,29.57,29.71,4,4.47,-10.61,-3.98,-0.48,0.0,从未跌破（观测期内）,2026-06-17
002030,达安基因,76.35,True,5.44,6.14,10,10.42,-17.02,-3.41,-11.47,0.0,从未跌破（观测期内）,2026-06-17
002546,新联电子,54.56,True,6.81,7.28,0,-0.43,-13.6,-7.63,-6.41,0.0,从未跌破（观测期内）,2026-06-17
601008,连云港,54.59,True,4.4,4.51,3,1.21,-6.62,-2.74,-2.49,0.0,从未跌破（观测期内）,2026-06-17
002465,海格通信,343.19,True,13.85,15.43,6,8.45,-13.93,-3.85,-10.26,0.0,从未跌破（观测期内）,2026-06-17
002178,延华智能,36.37,True,5.11,5.63,6,5.91,-9.25,-2.42,-9.25,0.0,从未跌破（观测期内）,2026-06-17
600072,中船科技,106.28,True,9.81,10.81,0,-0.88,-17.51,-11.24,-9.22,0.0,从未跌破（观测期内）,2026-06-17
600866,星湖科技,60.53,True,4.82,4.95,0,-2.71,-12.46,-9.25,-2.71,0.0,从未跌破（观测期内）,2026-06-17
002444,巨星科技,345.85,True,29.76,31.53,1,1.79,-6.63,-3.88,-5.6,0.0,从未跌破（观测期内）,2026-06-17
603325,博隆技术,19.14,True,56.0,57.17,7,3.51,-10.25,-4.26,-2.04,0.0,从未跌破（观测期内）,2026-06-17
002315,焦点科技,64.28,True,24.45,26.57,0,-0.43,-13.32,-8.41,-7.98,0.0,从未跌破（观测期内）,2026-06-17
002115,三维通信,88.68,True,11.79,12.27,1,0.12,-13.17,-7.88,-3.92,0.0,从未跌破（观测期内）,2026-06-17
002261,拓维信息,338.1,True,29.5,30.17,0,-0.96,-14.73,-7.59,-2.21,0.0,从未跌破（观测期内）,2026-06-17
000707,双环科技,25.55,True,4.64,4.89,0,-3.42,-12.76,-8.41,-5.08,0.0,从未跌破（观测期内）,2026-06-17
002065,东华软件,214.31,True,7.37,7.47,1,0.89,-11.0,-6.24,-1.33,0.0,从未跌破（观测期内）,2026-06-17
000428,华天酒店,32.3,True,3.17,3.51,1,0.27,-9.69,-4.41,-9.69,0.0,从未跌破（观测期内）,2026-06-17
600528,中铁工业,159.29,True,7.17,7.29,0,-1.43,-6.19,-3.58,-1.68,0.0,从未跌破（观测期内）,2026-06-17
603322,超讯通信,45.37,True,28.79,31.34,4,9.81,-16.05,-7.13,-8.13,0.0,从未跌破（观测期内）,2026-06-17
600271,航天信息,130.26,True,7.03,7.38,0,-1.24,-10.01,-6.77,-4.75,0.0,从未跌破（观测期内）,2026-06-17
603106,恒银科技,37.53,True,7.21,7.61,0,-0.36,-11.64,-7.93,-5.2,0.0,从未跌破（观测期内）,2026-06-17
002236,大华股份,389.99,True,16.31,16.81,3,0.5,-7.21,-3.05,-2.98,0.0,从未跌破（观测期内）,2026-06-17
000702,正虹科技,14.24,True,5.34,5.95,0,-0.75,-11.5,-7.98,-10.28,0.0,从未跌破（观测期内）,2026-06-17
603232,格尔软件,37.12,True,16.05,19.08,11,15.14,-18.64,-2.49,-15.89,0.0,从未跌破（观测期内）,2026-06-17
002562,兄弟科技,38.56,True,4.74,4.98,0,-0.84,-11.1,-7.04,-4.75,0.0,从未跌破（观测期内）,2026-06-17
002053,云南能投,93.18,True,10.12,11.21,5,5.16,-9.74,-3.61,-9.74,0.0,从未跌破（观测期内）,2026-06-17
002813,路畅科技,24.47,True,20.42,22.33,0,-4.68,-12.17,-8.4,-8.55,0.0,从未跌破（观测期内）,2026-06-17
601615,明阳智能,278.84,True,12.33,14.81,8,14.16,-23.23,-7.18,-16.74,0.0,从未跌破（观测期内）,2026-06-17
002519,银河电子,70.86,True,6.34,6.66,0,-2.87,-15.11,-10.19,-4.8,0.0,从未跌破（观测期内）,2026-06-17
603655,朗博科技,33.74,True,31.83,35.84,0,-3.04,-14.74,-9.93,-11.19,0.0,从未跌破（观测期内）,2026-06-17
003027,同兴科技,20.65,True,19.69,21.5,0,-1.92,-14.12,-7.46,-8.42,0.0,从未跌破（观测期内）,2026-06-17
002148,北纬科技,27.68,True,6.16,6.64,1,1.77,-13.3,-8.68,-7.25,0.0,从未跌破（观测期内）,2026-06-17
002291,遥望科技,45.46,True,5.23,5.75,2,4.02,-14.22,-7.77,-9.0,0.0,从未跌破（观测期内）,2026-06-17
000930,中粮科技,87.81,True,4.73,5.03,0,-3.22,-11.19,-6.88,-6.04,0.0,从未跌破（观测期内）,2026-06-17
603626,科森科技,118.8,True,21.41,23.78,6,9.29,-14.03,-5.37,-9.98,0.0,从未跌破（观测期内）,2026-06-17
603192,汇得科技,25.41,True,18.23,19.69,0,-3.93,-10.58,-7.11,-7.41,0.0,从未跌破（观测期内）,2026-06-17
600602,云赛智联,190.9,True,17.77,18.6,1,2.01,-16.45,-9.97,-4.46,0.0,从未跌破（观测期内）,2026-06-17
605377,华旺科技,43.98,True,7.9,8.59,0,-1.83,-9.74,-5.58,-8.06,0.0,从未跌破（观测期内）,2026-06-17
600728,佳都科技,97.67,True,4.58,4.84,1,0.92,-10.56,-6.73,-5.39,0.0,从未跌破（观测期内）,2026-06-17
002369,卓翼科技,34.09,True,6.02,6.39,0,-0.23,-11.95,-7.18,-5.74,0.0,从未跌破（观测期内）,2026-06-17
000977,浪潮信息,946.11,True,64.5,63.39,1,1.75,-14.21,-6.93,1.75,0.0,从未跌破（观测期内）,2026-06-17
600239,ST云城,22.32,True,1.39,1.47,0,-1.3,-15.86,-7.8,-5.28,0.0,从未跌破（观测期内）,2026-06-17
002090,金智科技,36.7,True,9.29,10.21,3,3.47,-12.81,-5.41,-9.01,0.0,从未跌破（观测期内）,2026-06-17
600375,汉马科技,59.82,True,4.09,4.24,1,0.87,-13.46,-9.18,-3.46,0.0,从未跌破（观测期内）,2026-06-17
002921,联诚精密,30.58,True,23.81,25.65,2,1.41,-15.56,-8.57,-7.18,0.0,从未跌破（观测期内）,2026-06-17
001388,信通电子,9.07,True,29.08,32.71,2,2.26,-17.26,-8.93,-11.11,0.0,从未跌破（观测期内）,2026-06-17
600588,用友网络,334.18,True,9.78,10.55,0,-0.16,-11.17,-6.02,-7.29,0.0,从未跌破（观测期内）,2026-06-17
600152,维科技术,58.57,True,11.07,11.65,0,-3.51,-15.43,-9.66,-4.96,0.0,从未跌破（观测期内）,2026-06-17
605398,新炬网络,36.45,True,22.4,23.81,2,1.11,-14.06,-6.44,-5.94,0.0,从未跌破（观测期内）,2026-06-17
002195,岩山科技,403.22,True,7.18,7.51,0,-2.9,-12.99,-8.25,-4.39,0.0,从未跌破（观测期内）,2026-06-17
002180,奔图科技,195.47,True,14.37,15.63,0,-1.78,-13.83,-8.57,-8.08,0.0,从未跌破（观测期内）,2026-06-17
600831,广电网络,22.39,True,3.15,3.63,7,16.48,-14.09,-4.34,-13.34,0.0,从未跌破（观测期内）,2026-06-17
605277,新亚电子,69.29,True,18.15,18.62,4,9.58,-11.13,-2.88,-2.53,0.0,从未跌破（观测期内）,2026-06-17
600794,保税科技,36.48,True,3.04,3.2,0,-2.6,-7.65,-4.88,-4.93,0.0,从未跌破（观测期内）,2026-06-17
603895,天永智能,32.6,True,30.16,34.56,11,23.14,-16.4,-1.02,-12.73,0.0,从未跌破（观测期内）,2026-06-17
000555,神州信息,109.74,True,11.26,12.39,1,0.51,-16.33,-8.04,-9.12,0.0,从未跌破（观测期内）,2026-06-17
603879,永悦科技,16.49,True,4.59,5.02,0,-1.3,-12.73,-7.75,-8.57,0.0,从未跌破（观测期内）,2026-06-17
600783,鲁信创投,148.35,True,19.93,22.4,9,8.22,-11.04,-0.91,-11.04,0.0,从未跌破（观测期内）,2026-06-17
603778,国晟科技,106.97,True,16.64,18.98,1,0.34,-28.07,-12.75,-12.34,0.0,从未跌破（观测期内）,2026-06-17
600776,东方通信,150.09,True,15.7,15.53,5,5.86,-12.95,-4.78,1.08,0.0,从未跌破（观测期内）,2026-06-17
600756,浪潮软件,44.89,True,13.85,14.18,0,-1.28,-12.48,-7.91,-2.34,0.0,从未跌破（观测期内）,2026-06-17
000572,海马汽车,67.5,True,4.11,4.45,0,-5.68,-12.54,-9.67,-7.73,0.0,从未跌破（观测期内）,2026-06-17
000551,创元科技,73.7,True,15.21,15.7,5,10.38,-12.03,-2.98,-3.11,0.0,从未跌破（观测期内）,2026-06-17
600751,海航科技,81.31,True,3.16,3.25,0,-1.45,-12.09,-7.21,-2.72,0.0,从未跌破（观测期内）,2026-06-17
